,Period,MatchClock,Timestamp,EventType,TeamStrengthType,TeamStrength,HomeGoalieOnIce,AwayGoalieOnIce,EventPosition,EventStartCoordinate,EventEndCoordinate,EventPrimaryPlayerId,EventPrimaryPlayerName,EventPrimaryTeam,EventSecondaryPlayerId,EventSecondaryPlayerName,EventSecondaryTeam,FaceoffSpot,ShotResult,ShotSpeed,ShotScreeningPlayerIds,ShotXG,GoalAssist1Id,GoalAssist2Id,PassResult,PassSpeed,BluelineCrossingResult,BluelineCrossingDirection,BluelineCrossingAttackerIds,BluelineCrossingDefenderIds,DumpResult,DumpType,DumpAlongTheBoards,ClearType,ClearAlongTheBoards,PuckControlState,PuckControlStartZone,PuckControlEndZone,PuckControlContestingPlayerIds,StoppageOfPlayReason,PenaltyReason,ParticipatingPlayerIds,StartPlayerId1,StartPlayerId2,StartPlayerId3,StartPlayerId4,StartPlayerId5,StartPlayerId6,StartPlayerId7,StartPlayerId8,StartPlayerId9,StartPlayerId10,StartPlayerId11,StartPlayerId12,StartPlayerName1,StartPlayerName2,StartPlayerName3,StartPlayerName4,StartPlayerName5,StartPlayerName6,StartPlayerName7,StartPlayerName8,StartPlayerName9,StartPlayerName10,StartPlayerName11,StartPlayerName12,StartPlayerTeam1,StartPlayerTeam2,StartPlayerTeam3,StartPlayerTeam4,StartPlayerTeam5,StartPlayerTeam6,StartPlayerTeam7,StartPlayerTeam8,StartPlayerTeam9,StartPlayerTeam10,StartPlayerTeam11,StartPlayerTeam12,StartPlayerCoordinates1,StartPlayerCoordinates2,StartPlayerCoordinates3,StartPlayerCoordinates4,StartPlayerCoordinates5,StartPlayerCoordinates6,StartPlayerCoordinates7,StartPlayerCoordinates8,StartPlayerCoordinates9,StartPlayerCoordinates10,StartPlayerCoordinates11,StartPlayerCoordinates12,StartPlayerVelocity1,StartPlayerVelocity2,StartPlayerVelocity3,StartPlayerVelocity4,StartPlayerVelocity5,StartPlayerVelocity6,StartPlayerVelocity7,StartPlayerVelocity8,StartPlayerVelocity9,StartPlayerVelocity10,StartPlayerVelocity11,StartPlayerVelocity12,StartPlayerDirection1,StartPlayerDirection2,StartPlayerDirection3,StartPlayerDirection4,StartPlayerDirection5,StartPlayerDirection6,StartPlayerDirection7,StartPlayerDirection8,StartPlayerDirection9,StartPlayerDirection10,StartPlayerDirection11,StartPlayerDirection12
2649,2,988,1704026093174,Goal,AwayPowerplay,4v5,True,True,,,,888040998.0,#38 Tomas HYKA,Away,,,,,,,,,888052795.0,888042987.0,,,,,,,,,,,,,,,,,,"888040998,888052795,888042987",,,,,,,,,,,,,,,,,,,,,,,,,,,,,,,,,,,,,,,,,,,,,,,,,,,,,,,,,,,,,,,,,,,,,,,,
2650,2,988,1704026093360,PuckControl,AwayPowerplay,4v5,True,True,HomeTeamZone,"-27.4,-1","-27.1,0.1",150983.0,#29 Sandro Aeschlimann,Home,,,,,,,,,,,,,,,,,,,,,,HomeControl,AwayTeamZone,AwayTeamZone,,,,150983,888052788.0,888040998.0,888052796.0,888042987.0,888040859.0,888052795.0,150983.0,100375.0,340162.0,308599.0,340163.0,,#35 Milan Kloucek,#38 Tomas HYKA,#23 Lukas Sedlak,#41 Peter Ceresnak,#61 Martin Kaut,#69 Lukas Radil,#29 Sandro Aeschlimann,#10 Andres Ambühl,#6 Klas Dahlbeck,#46 Dominik Egli,#42 Joakim Nordström,,Away,Away,Away,Away,Away,Away,Home,Home,Home,Home,Home,,"26.6,-0.1","-19.9,7.5","-25.2,1.2","-8.9,12.4","-15.6,-7.3","-28.8,6.6","-26,0","-21,5.7","-25.5,3.1","-22.1,-2.6","-24.3,5.2",,,,,,,,,,,,,,,,,,,,,,,,,
2651,2,988,1704026094020,StoppageOfPlay,,,,,,,,,,,,,,,,,,,,,,,,,,,,,,,,,,,,Goal,,,,,,,,,,,,,,,,,,,,,,,,,,,,,,,,,,,,,,,,,,,,,,,,,,,,,,,,,,,,,,,,,,,,,,,,,,
2652,2,988,1704026142900,Faceoff,FullStrength,5v5,True,True,NeutralZone,,,888052794.0,#79 Tomas Zohorna,Away,888052794.0,#79 Tomas Zohorna,Away,Center,,,,,,,,,,,,,,,,,,,,,,,,888052794,888052788.0,888048202.0,888047300.0,888052795.0,888052794.0,888052792.0,150983.0,153207.0,337830.0,152416.0,337835.0,332924.0,#35 Milan Kloucek,#65 Martin Bucko,#90 Robert Kousal,#69 Lukas Radil,#79 Tomas Zohorna,#24 Libor Hajek,#29 Sandro Aeschlimann,#20 Michael Fora,#44 Matej Stransky,#90 Sven Jung,#40 Dennis Rasmussen,#25 Henrik Haapala,Away,Away,Away,Away,Away,Away,Home,Home,Home,Home,Home,Home,"24.4,0.3","6.4,3.4","0.8,-4.4","0.7,4.1","0.2,0.2","6.9,-2.4","-24.4,-0.5","-5.8,-4.9","-0.3,-3.8","-6.7,3.3","0.3,0.9","-0.2,4.4",,,,,,,,,,,,,,,,,,,,,,,,
2653,2,988,1704026142900,PuckControl,FullStrength,5v5,True,True,NeutralZone,"-0.3,0","6.1,-1.2",,,,,,,,,,,,,,,,,,,,,,,,,Loose,NeutralZone,NeutralZone,,,,,888052788.0,888048202.0,888047300.0,888052795.0,888052794.0,888052792.0,150983.0,153207.0,337830.0,152416.0,337835.0,332924.0,#35 Milan Kloucek,#65 Martin Bucko,#90 Robert Kousal,#69 Lukas Radil,#79 Tomas Zohorna,#24 Libor Hajek,#29 Sandro Aeschlimann,#20 Michael Fora,#44 Matej Stransky,#90 Sven Jung,#40 Dennis Rasmussen,#25 Henrik Haapala,Away,Away,Away,Away,Away,Away,Home,Home,Home,Home,Home,Home,"24.4,0.3","6.4,3.4","0.8,-4.4","0.7,4.1","0.2,0.2","6.9,-2.4","-24.4,-0.5","-5.8,-4.9","-0.3,-3.8","-6.7,3.3","0.3,0.9","-0.2,4.4",,,,,,,,,,,,,,,,,,,,,,,,
2654,2,990,1704026144060,PuckControl,FullStrength,5v5,True,True,NeutralZone,"6.1,-1.2","7.3,-4.4",888052792.0,#24 Libor Hajek,Away,,,,,,,,,,,,,,,,,,,,,,AwayControl,NeutralZone,HomeTeamZone,,,,888052792,888052788.0,888048202.0,888047300.0,888052795.0,888052794.0,888052792.0,150983.0,153207.0,337830.0,152416.0,337835.0,332924.0,#35 Milan Kloucek,#65 Martin Bucko,#90 Robert Kousal,#69 Lukas Radil,#79 Tomas Zohorna,#24 Libor Hajek,#29 Sandro Aeschlimann,#20 Michael Fora,#44 Matej Stransky,#90 Sven Jung,#40 Dennis Rasmussen,#25 Henrik Haapala,Away,Away,Away,Away,Away,Away,Home,Home,Home,Home,Home,Home,"24.6,0.3","7.9,5.3","0.1,-4.4","0.7,4.6","0.3,-0.3","7.8,-2.6","-24.2,-0.5","-5.5,-5.1","-0.9,-3.2","-6.1,3.7","0.2,1","0.1,4.8",,,,,,,,,,,,,,,,,,,,,,,,
2655,2,990,1704026144580,BluelineCrossing,FullStrength,5v5,True,True,AwayTeamZone,"7.2,-3.2",,888052792.0,#24 Libor Hajek,Away,,,,,,,,,,,,,,TowardsHome,,,,,,,,,,,,,,888052792,888052788.0,888048202.0,888047300.0,888052795.0,888052794.0,888052792.0,150983.0,153207.0,337830.0,152416.0,337835.0,332924.0,#35 Milan Kloucek,#65 Martin Bucko,#90 Robert Kousal,#69 Lukas Radil,#79 Tomas Zohorna,#24 Libor Hajek,#29 Sandro Aeschlimann,#20 Michael Fora,#44 Matej Stransky,#90 Sven Jung,#40 Dennis Rasmussen,#25 Henrik Haapala,Away,Away,Away,Away,Away,Away,Home,Home,Home,Home,Home,Home,"24.8,0.3","8.1,7.3","0.1,-5.4","0.2,6.7","-0.2,-0.2","8.3,-3.2","-24.2,-0.7","-5.5,-5.2","-1.1,-3.9","-5.1,4.3","-0.2,0.3","0.1,5.4",0.384,4.282,3.143,4.356,1.373,1.972,0.315,0.483,1.791,2.104,1.51,1.523,"0.856,-0.517","0.016,1","-0.031,-1","-0.263,0.965","-0.839,-0.544","0.519,-0.855","-0.23,-0.973","-0.519,-0.855","0.43,-0.903","0.789,0.614","-0.966,-0.257","0.453,0.892"
2656,2,990,1704026144860,Pass,FullStrength,5v5,True,True,AwayTeamZone,"7.4,-4.6","5.7,13.5",888052792.0,#24 Libor Hajek,Away,888048202.0,#65 Martin Bucko,Away,,,,,,,,Successful,16.8,,,,,,,,,,,,,,,,"888052792,888048202",888052788.0,888048202.0,888047300.0,888052795.0,888052794.0,888052792.0,150983.0,153207.0,337830.0,152416.0,337835.0,332924.0,#35 Milan Kloucek,#65 Martin Bucko,#90 Robert Kousal,#69 Lukas Radil,#79 Tomas Zohorna,#24 Libor Hajek,#29 Sandro Aeschlimann,#20 Michael Fora,#44 Matej Stransky,#90 Sven Jung,#40 Dennis Rasmussen,#25 Henrik Haapala,Away,Away,Away,Away,Away,Away,Home,Home,Home,Home,Home,Home,"24.9,0.3","8.1,8.5","0,-6.4","-0.1,7.8","-0.5,-0.5","8.5,-3.7","-24.3,-0.7","-5.6,-5.3","-0.8,-4.4","-4.8,4.7","-0.8,0.2","0.4,5.9",0.517,4.735,4.001,4.25,1.851,1.766,0.308,0.895,2.049,1.873,2.578,2.551,"0.811,0.585","-0.011,1","-0.155,-0.988","-0.315,0.949","-0.807,-0.59","0.367,-0.93","-0.811,-0.584","-0.977,-0.213","0.504,-0.863","0.292,0.957","-0.972,-0.237","0.595,0.804"
2657,2,990,1704026144880,PuckControl,FullStrength,5v5,True,True,AwayTeamZone,"7.3,-4.4","5.7,13.5",,,,,,,,,,,,,,,,,,,,,,,,,AwayControl,HomeTeamZone,NeutralZone,,,,,888052788.0,888048202.0,888047300.0,888052795.0,888052794.0,888052792.0,150983.0,153207.0,337830.0,152416.0,337835.0,332924.0,#35 Milan Kloucek,#65 Martin Bucko,#90 Robert Kousal,#69 Lukas Radil,#79 Tomas Zohorna,#24 Libor Hajek,#29 Sandro Aeschlimann,#20 Michael Fora,#44 Matej Stransky,#90 Sven Jung,#40 Dennis Rasmussen,#25 Henrik Haapala,Away,Away,Away,Away,Away,Away,Home,Home,Home,Home,Home,Home,"24.9,0.4","8.1,8.6","0,-6.5","-0.2,7.9","-0.6,-0.5","8.6,-3.7","-24.3,-0.7","-5.6,-5.3","-0.8,-4.4","-4.8,4.8","-0.8,0.2","0.4,5.9",,,,,,,,,,,,,,,,,,,,,,,,
2658,2,990,1704026144940,BluelineCrossing,FullStrength,5v5,True,True,AwayTeamZone,"7.2,-3.9",,888052792.0,#24 Libor Hajek,Away,,,,,,,,,,,,,,TowardsOpponent,,,,,,,,,,,,,,888052792,888052788.0,888048202.0,888047300.0,888052795.0,888052794.0,888052792.0,150983.0,153207.0,337830.0,152416.0,337835.0,332924.0,#35 Milan Kloucek,#65 Martin Bucko,#90 Robert Kousal,#69 Lukas Radil,#79 Tomas Zohorna,#24 Libor Hajek,#29 Sandro Aeschlimann,#20 Michael Fora,#44 Matej Stransky,#90 Sven Jung,#40 Dennis Rasmussen,#25 Henrik Haapala,Away,Away,Away,Away,Away,Away,Home,Home,Home,Home,Home,Home,"24.9,0.4","8.1,8.9","-0.1,-6.8","-0.2,8.2","-0.7,-0.6","8.6,-3.8","-24.3,-0.8","-5.7,-5.3","-0.7,-4.6","-4.8,4.9","-1,0.2","0.5,6.1",0.555,4.832,4.353,4.203,2.127,1.558,0.272,1.128,2.222,2.045,2.595,2.641,"0.7,0.715","-0.033,0.999","-0.209,-0.978","-0.351,0.936","-0.805,-0.594","0.321,-0.947","-0.84,-0.542","-0.996,-0.092","0.471,-0.882","0.153,0.988","-0.968,-0.251","0.604,0.797"
2659,2,991,1704026145940,PuckControl,FullStrength,5v5,True,True,NeutralZone,"5.7,13.5","5.2,14",888048202.0,#65 Martin Bucko,Away,,,,,,,,,,,,,,,,,,,,,,AwayControl,NeutralZone,NeutralZone,,,,888048202,888052788.0,888048202.0,888047300.0,888052795.0,888052794.0,888052792.0,150983.0,153207.0,337830.0,152416.0,337835.0,332924.0,#35 Milan Kloucek,#65 Martin Bucko,#90 Robert Kousal,#69 Lukas Radil,#79 Tomas Zohorna,#24 Libor Hajek,#29 Sandro Aeschlimann,#20 Michael Fora,#44 Matej Stransky,#90 Sven Jung,#40 Dennis Rasmussen,#25 Henrik Haapala,Away,Away,Away,Away,Away,Away,Home,Home,Home,Home,Home,Home,"25.6,0.6","6.4,13.2","-2.5,-11.4","-3.6,11.5","-3.3,-1.8","8.5,-2.9","-24.5,-0.6","-7.7,-4.8","-0.4,-6.9","-5.9,8.1","-3.8,-0.4","0.8,8.7",,,,,,,,,,,,,,,,,,,,,,,,
2660,2,991,1704026146060,Dump,FullStrength,5v5,True,True,NeutralZone,"5.3,13.9","-29.9,8.8",888048202.0,#65 Martin Bucko,Away,153207.0,#20 Michael Fora,Home,,,,,,,,,,,,,,Takeaway,DumpIn,False,,,,,,,,,"888048202,153207",888052788.0,888048202.0,888047300.0,888052795.0,888052794.0,888052792.0,150983.0,153207.0,337830.0,152416.0,337835.0,332924.0,#35 Milan Kloucek,#65 Martin Bucko,#90 Robert Kousal,#69 Lukas Radil,#79 Tomas Zohorna,#24 Libor Hajek,#29 Sandro Aeschlimann,#20 Michael Fora,#44 Matej Stransky,#90 Sven Jung,#40 Dennis Rasmussen,#25 Henrik Haapala,Away,Away,Away,Away,Away,Away,Home,Home,Home,Home,Home,Home,"25.7,0.6","5.9,13.6","-2.8,-11.9","-4.2,11.8","-3.7,-1.9","8.3,-2.7","-24.6,-0.5","-8,-4.5","-0.5,-7","-6.2,8.5","-4.2,-0.3","0.5,9.1",1.121,5.054,3.857,5.113,2.973,2.565,0.736,3.288,1.649,4.356,3.588,4.56,"0.961,-0.278","-0.786,0.619","-0.614,-0.789","-0.909,0.417","-0.999,-0.054","-0.677,0.736","-0.75,0.662","-0.8,0.6","-0.613,-0.79","-0.612,0.791","-0.975,0.221","-0.625,0.78"
2661,2,992,1704026146080,PuckControl,FullStrength,5v5,True,True,NeutralZone,"5.2,14","-30,7.7",,,,,,,,,,,,,,,,,,,,,,,,,Loose,NeutralZone,AwayTeamZone,,,,,888052788.0,888048202.0,888047300.0,888052795.0,888052794.0,888052792.0,150983.0,153207.0,337830.0,152416.0,337835.0,332924.0,#35 Milan Kloucek,#65 Martin Bucko,#90 Robert Kousal,#69 Lukas Radil,#79 Tomas Zohorna,#24 Libor Hajek,#29 Sandro Aeschlimann,#20 Michael Fora,#44 Matej Stransky,#90 Sven Jung,#40 Dennis Rasmussen,#25 Henrik Haapala,Away,Away,Away,Away,Away,Away,Home,Home,Home,Home,Home,Home,"25.8,0.6","5.8,13.6","-2.9,-11.9","-4.3,11.8","-3.8,-1.9","8.2,-2.6","-24.6,-0.5","-8,-4.5","-0.5,-7.1","-6.2,8.6","-4.2,-0.3","0.5,9.2",,,,,,,,,,,,,,,,,,,,,,,,
2662,2,992,1704026146780,BluelineCrossing,FullStrength,5v5,True,True,NeutralZone,"-7.1,13.5",,888048202.0,#65 Martin Bucko,Away,,,,,,,,,,,,,PossessionMaintained,TowardsOpponent,"888047300,888052795","153207,152416,337835",,,,,,,,,,,,"888048202,888047300,888052795,153207,152416,337835",888052788.0,888048202.0,888047300.0,888052794.0,888052792.0,150983.0,153207.0,337830.0,152416.0,337835.0,332924.0,888052795.0,#35 Milan Kloucek,#65 Martin Bucko,#90 Robert Kousal,#79 Tomas Zohorna,#24 Libor Hajek,#29 Sandro Aeschlimann,#20 Michael Fora,#44 Matej Stransky,#90 Sven Jung,#40 Dennis Rasmussen,#25 Henrik Haapala,#69 Lukas Radil,Away,Away,Away,Away,Away,Home,Home,Home,Home,Home,Home,Away,"26.4,0.3","2.5,14.6","-5.1,-12.6","-5,0","6.1,-1.8","-25,-0.2","-10.3,-2.8","-1.9,-7.5","-8.2,11","-6.9,1.2","-2.5,11.6","-6.9,12.8",1.137,4.858,4.685,4.579,3.627,0.48,4.539,2.586,4.505,4.741,5.676,3.743,"0.464,-0.886","-1,-0.007","-0.998,0.069","-0.224,0.975","-0.951,-0.309","-0.933,0.36","-0.743,0.669","-0.996,-0.084","-0.661,0.75","-0.801,0.599","-0.89,0.455","-0.942,0.335"
2663,2,996,1704026150820,PuckControl,FullStrength,5v5,True,True,HomeTeamZone,"-30,7.7","-29.7,9.2",153207.0,#20 Michael Fora,Home,,,,,,,,,,,,,,,,,,,,,,HomeControl,AwayTeamZone,AwayTeamZone,,,,153207,888052788.0,888048202.0,888047300.0,888052795.0,888052794.0,888052792.0,150983.0,153207.0,337830.0,152416.0,337835.0,332924.0,#35 Milan Kloucek,#65 Martin Bucko,#90 Robert Kousal,#69 Lukas Radil,#79 Tomas Zohorna,#24 Libor Hajek,#29 Sandro Aeschlimann,#20 Michael Fora,#44 Matej Stransky,#90 Sven Jung,#40 Dennis Rasmussen,#25 Henrik Haapala,Away,Away,Away,Away,Away,Away,Home,Home,Home,Home,Home,Home,"26.1,-0.3","-10.5,12","-25.9,-9.2","-20.7,12","-26.2,6.9","-9.4,-11.7","-25.8,0.4","-28.1,8.2","-11,-13.1","-22.6,9.2","-21.8,5.9","-13.2,14.6",,,,,,,,,,,,,,,,,,,,,,,,
2664,2,997,1704026151400,PuckControl,FullStrength,5v5,True,True,HomeTeamZone,"-29.7,9.2","-28.6,11.2",,,,,,,,,,,,,,,,,,,,,,,,,Contested,AwayTeamZone,AwayTeamZone,"153207,888052794",,,,888052788.0,888048202.0,888047300.0,888052795.0,888052794.0,888052792.0,150983.0,153207.0,337830.0,152416.0,337835.0,332924.0,#35 Milan Kloucek,#65 Martin Bucko,#90 Robert Kousal,#69 Lukas Radil,#79 Tomas Zohorna,#24 Libor Hajek,#29 Sandro Aeschlimann,#20 Michael Fora,#44 Matej Stransky,#90 Sven Jung,#40 Dennis Rasmussen,#25 Henrik Haapala,Away,Away,Away,Away,Away,Away,Home,Home,Home,Home,Home,Home,"26,-0.3","-10.2,11.3","-26.8,-10.4","-23.2,10.9","-28.7,8","-10.8,-11.2","-25.9,0.5","-29.1,8.7","-12.4,-13.1","-24.2,6.6","-23.3,3.7","-13.5,14.3",,,,,,,,,,,,,,,,,,,,,,,,
2665,2,997,1704026152020,PuckControl,FullStrength,5v5,True,True,HomeTeamZone,"-28.6,11.2","-27.5,12.3",,,,,,,,,,,,,,,,,,,,,,,,,Loose,AwayTeamZone,AwayTeamZone,,,,,888052788.0,888048202.0,888047300.0,888052795.0,888052794.0,888052792.0,150983.0,153207.0,337830.0,152416.0,337835.0,332924.0,#35 Milan Kloucek,#65 Martin Bucko,#90 Robert Kousal,#69 Lukas Radil,#79 Tomas Zohorna,#24 Libor Hajek,#29 Sandro Aeschlimann,#20 Michael Fora,#44 Matej Stransky,#90 Sven Jung,#40 Dennis Rasmussen,#25 Henrik Haapala,Away,Away,Away,Away,Away,Away,Home,Home,Home,Home,Home,Home,"25.9,-0.3","-10.4,11.4","-25.8,-10.5","-25.7,10.5","-29.2,9.8","-11.3,-10","-25.8,0.6","-29.7,9.5","-13.7,-11.9","-25.9,5.3","-24.7,3.4","-13.9,14",,,,,,,,,,,,,,,,,,,,,,,,
2666,2,998,1704026152220,PuckControl,FullStrength,5v5,True,True,HomeTeamZone,"-27.5,12.3","-22.4,13.6",888052795.0,#69 Lukas Radil,Away,,,,,,,,,,,,,,,,,,,,,,AwayControl,AwayTeamZone,AwayTeamZone,,,,888052795,888052788.0,888048202.0,888047300.0,888052795.0,888052794.0,888052792.0,150983.0,153207.0,337830.0,152416.0,337835.0,332924.0,#35 Milan Kloucek,#65 Martin Bucko,#90 Robert Kousal,#69 Lukas Radil,#79 Tomas Zohorna,#24 Libor Hajek,#29 Sandro Aeschlimann,#20 Michael Fora,#44 Matej Stransky,#90 Sven Jung,#40 Dennis Rasmussen,#25 Henrik Haapala,Away,Away,Away,Away,Away,Away,Home,Home,Home,Home,Home,Home,"26,-0.3","-10.5,11.5","-25.2,-10.3","-26.1,11","-29.1,10.1","-11.2,-9.4","-25.8,0.6","-29.5,9.7","-13.9,-11.3","-26.3,5.3","-24.9,3.9","-14.1,13.9",,,,,,,,,,,,,,,,,,,,,,,,
2667,2,999,1704026153540,Pass,FullStrength,5v5,True,True,HomeTeamZone,"-22.5,13.8","-24.2,-0.4",888052795.0,#69 Lukas Radil,Away,888047300.0,#90 Robert Kousal,Away,,,,,,,,Successful,25.6,,,,,,,,,,,,,,,,"888052795,888047300",888052788.0,888048202.0,888047300.0,888052795.0,888052794.0,888052792.0,150983.0,153207.0,337830.0,152416.0,337835.0,332924.0,#35 Milan Kloucek,#65 Martin Bucko,#90 Robert Kousal,#69 Lukas Radil,#79 Tomas Zohorna,#24 Libor Hajek,#29 Sandro Aeschlimann,#20 Michael Fora,#44 Matej Stransky,#90 Sven Jung,#40 Dennis Rasmussen,#25 Henrik Haapala,Away,Away,Away,Away,Away,Away,Home,Home,Home,Home,Home,Home,"26.6,0.1","-10,10.6","-22.9,-6","-22.8,13.5","-26.3,7.8","-10.9,-2.9","-25.7,0.5","-27.2,9","-14.4,-6.3","-25.2,6","-22.6,5.2","-14.7,10.2",0.584,1.224,3.926,3.633,3.65,4.975,0.644,3.912,3.808,2.919,3.397,4.473,"-0.42,-0.908","0.998,-0.066","0.002,1","0.998,-0.061","0.382,-0.924","-0.236,0.972","0.567,-0.824","0.893,-0.451","-0.342,0.94","0.76,-0.65","0.712,-0.702","0.008,-1"
2668,2,999,1704026153560,PuckControl,FullStrength,5v5,True,True,HomeTeamZone,"-22.4,13.6","-24.2,-0.4",,,,,,,,,,,,,,,,,,,,,,,,,AwayControl,AwayTeamZone,AwayTeamZone,,,,,888052788.0,888048202.0,888047300.0,888052795.0,888052794.0,888052792.0,150983.0,153207.0,337830.0,152416.0,337835.0,332924.0,#35 Milan Kloucek,#65 Martin Bucko,#90 Robert Kousal,#69 Lukas Radil,#79 Tomas Zohorna,#24 Libor Hajek,#29 Sandro Aeschlimann,#20 Michael Fora,#44 Matej Stransky,#90 Sven Jung,#40 Dennis Rasmussen,#25 Henrik Haapala,Away,Away,Away,Away,Away,Away,Home,Home,Home,Home,Home,Home,"26.6,0.1","-9.9,10.6","-22.9,-5.9","-22.7,13.5","-26.3,7.8","-10.9,-2.8","-25.7,0.5","-27.2,9","-14.4,-6.2","-25.2,6","-22.5,5.2","-14.7,10.1",,,,,,,,,,,,,,,,,,,,,,,,
2669,2,1000,1704026154100,PuckControl,FullStrength,5v5,True,True,HomeTeamZone,"-24.2,-0.4","-24.9,-1.7",888047300.0,#90 Robert Kousal,Away,,,,,,,,,,,,,,,,,,,,,,AwayControl,AwayTeamZone,AwayTeamZone,,,,888047300,888052788.0,888048202.0,888047300.0,888052795.0,888052794.0,888052792.0,150983.0,153207.0,337830.0,152416.0,337835.0,332924.0,#35 Milan Kloucek,#65 Martin Bucko,#90 Robert Kousal,#69 Lukas Radil,#79 Tomas Zohorna,#24 Libor Hajek,#29 Sandro Aeschlimann,#20 Michael Fora,#44 Matej Stransky,#90 Sven Jung,#40 Dennis Rasmussen,#25 Henrik Haapala,Away,Away,Away,Away,Away,Away,Home,Home,Home,Home,Home,Home,"26.4,0","-9.3,10.6","-23.4,-4","-21,13","-25.6,6.2","-11.5,-1.3","-25.8,-0.2","-25.2,7.7","-15.4,-4.7","-24.4,4.2","-21.7,3.6","-14.2,8.1",,,,,,,,,,,,,,,,,,,,,,,,
2670,2,1000,1704026154180,Shot,FullStrength,5v5,True,True,HomeTeamZone,"-24.7,-1.6",,888047300.0,#90 Robert Kousal,Away,150983.0,#29 Sandro Aeschlimann,Home,,Goal,0.0,,0.11,,,,,,,,,,,,,,,,,,,,"888047300,150983",888052788.0,888048202.0,888047300.0,888052795.0,888052794.0,888052792.0,150983.0,153207.0,337830.0,152416.0,337835.0,332924.0,#35 Milan Kloucek,#65 Martin Bucko,#90 Robert Kousal,#69 Lukas Radil,#79 Tomas Zohorna,#24 Libor Hajek,#29 Sandro Aeschlimann,#20 Michael Fora,#44 Matej Stransky,#90 Sven Jung,#40 Dennis Rasmussen,#25 Henrik Haapala,Away,Away,Away,Away,Away,Away,Home,Home,Home,Home,Home,Home,"26.4,0.1","-9.2,10.6","-23.5,-3.7","-20.8,12.8","-25.5,6","-11.5,-1.3","-25.9,-0.4","-24.9,7.5","-15.6,-4.5","-24.3,3.9","-21.6,3.4","-14,7.9",0.59,1.064,3.159,3.502,2.867,0.796,2.164,4.388,3.312,4.375,3.397,3.257,"0.163,0.987","0.997,-0.072","-0.364,0.931","0.811,-0.586","0.401,-0.916","-0.242,0.97","-0.408,-0.913","0.697,-0.717","-0.798,0.602","0.098,-0.995","0.309,-0.951","0.598,-0.802"
2671,2,1000,1704026154200,PuckControl,FullStrength,5v5,True,True,HomeTeamZone,"-24.9,-1.7","-26.3,-1.2",,,,,,,,,,,,,,,,,,,,,,,,,Loose,AwayTeamZone,AwayTeamZone,,,,,888052788.0,888048202.0,888047300.0,888052795.0,888052794.0,888052792.0,150983.0,153207.0,337830.0,152416.0,337835.0,332924.0,#35 Milan Kloucek,#65 Martin Bucko,#90 Robert Kousal,#69 Lukas Radil,#79 Tomas Zohorna,#24 Libor Hajek,#29 Sandro Aeschlimann,#20 Michael Fora,#44 Matej Stransky,#90 Sven Jung,#40 Dennis Rasmussen,#25 Henrik Haapala,Away,Away,Away,Away,Away,Away,Home,Home,Home,Home,Home,Home,"26.4,0.1","-9.2,10.6","-23.5,-3.7","-20.7,12.8","-25.5,5.9","-11.5,-1.2","-25.9,-0.4","-24.9,7.4","-15.7,-4.5","-24.3,3.8","-21.6,3.3","-14,7.9",,,,,,,,,,,,,,,,,,,,,,,,
2672,2,1000,1704026154340,PuckControl,FullStrength,5v5,True,True,HomeTeamZone,"-26.3,-1.2","-26.5,-1",150983.0,#29 Sandro Aeschlimann,Home,,,,,,,,,,,,,,,,,,,,,,HomeControl,AwayTeamZone,AwayTeamZone,,,,150983,888052788.0,888048202.0,888047300.0,888052795.0,888052794.0,888052792.0,150983.0,153207.0,337830.0,152416.0,337835.0,332924.0,#35 Milan Kloucek,#65 Martin Bucko,#90 Robert Kousal,#69 Lukas Radil,#79 Tomas Zohorna,#24 Libor Hajek,#29 Sandro Aeschlimann,#20 Michael Fora,#44 Matej Stransky,#90 Sven Jung,#40 Dennis Rasmussen,#25 Henrik Haapala,Away,Away,Away,Away,Away,Away,Home,Home,Home,Home,Home,Home,"26.5,0.1","-9,10.5","-23.6,-3.3","-20.3,12.4","-25.3,5.6","-11.5,-1.2","-26.1,-0.7","-24.5,7","-16,-4.2","-24.3,3.2","-21.4,2.9","-13.7,7.6",,,,,,,,,,,,,,,,,,,,,,,,
2673,2,1000,1704026154360,PuckControl,FullStrength,5v5,True,True,HomeTeamZone,"-26.5,-1","-25.3,0.9",,,,,,,,,,,,,,,,,,,,,,,,,Loose,AwayTeamZone,AwayTeamZone,,,,,888052788.0,888048202.0,888047300.0,888052795.0,888052794.0,888052792.0,150983.0,153207.0,337830.0,152416.0,337835.0,332924.0,#35 Milan Kloucek,#65 Martin Bucko,#90 Robert Kousal,#69 Lukas Radil,#79 Tomas Zohorna,#24 Libor Hajek,#29 Sandro Aeschlimann,#20 Michael Fora,#44 Matej Stransky,#90 Sven Jung,#40 Dennis Rasmussen,#25 Henrik Haapala,Away,Away,Away,Away,Away,Away,Home,Home,Home,Home,Home,Home,"26.5,0.1","-9,10.5","-23.7,-3.3","-20.3,12.4","-25.3,5.5","-11.5,-1.2","-26.1,-0.7","-24.4,6.9","-16.1,-4.2","-24.3,3.1","-21.4,2.8","-13.6,7.5",,,,,,,,,,,,,,,,,,,,,,,,
2674,2,1001,1704026155320,Goal,FullStrength,5v5,True,True,,,,888047300.0,#90 Robert Kousal,Away,,,,,,,,,888052795.0,,,,,,,,,,,,,,,,,,,"888047300,888052795",,,,,,,,,,,,,,,,,,,,,,,,,,,,,,,,,,,,,,,,,,,,,,,,,,,,,,,,,,,,,,,,,,,,,,,,
2675,2,1001,1704026155320,StoppageOfPlay,,,,,,,,,,,,,,,,,,,,,,,,,,,,,,,,,,,,Goal,,,,,,,,,,,,,,,,,,,,,,,,,,,,,,,,,,,,,,,,,,,,,,,,,,,,,,,,,,,,,,,,,,,,,,,,,,
2676,2,1001,1704026206560,Faceoff,FullStrength,5v5,True,True,NeutralZone,,,143575.0,#70 Enzo Corvi,Home,143575.0,#70 Enzo Corvi,Home,Center,,,,,,,,,,,,,,,,,,,,,,,,143575,888047294.0,888052788.0,888052797.0,888047596.0,888052789.0,888047301.0,150983.0,140525.0,143575.0,337684.0,342925.0,322236.0,#14 Ondrej Vala,#35 Milan Kloucek,#89 Jan Mandat,#27 Michal Pochobradsky,#33 Jan Kostalek,#44 Patrik Poulicek,#29 Sandro Aeschlimann,#65 Marc Wieser,#70 Enzo Corvi,#19 Jesper Olofsson,#51 Kristian Näkyvä,#55 Calle Andersson,Away,Away,Away,Away,Away,Away,Home,Home,Home,Home,Home,Home,"4.7,-3.1","24.6,0.5","0.4,-3.2","0.1,6.3","6.4,3.5","0.3,0.1","-24.7,-0.3","-0.7,-3.8","-0.8,0.5","-0.9,5.8","-5.2,3.6","-7.5,-5.3",,,,,,,,,,,,,,,,,,,,,,,,
2677,2,1001,1704026206560,PuckControl,FullStrength,5v5,True,True,NeutralZone,"-0.1,0.8","-0.2,1.3",,,,,,,,,,,,,,,,,,,,,,,,,Contested,NeutralZone,NeutralZone,"143575,888047301",,,,888047294.0,888052788.0,888052797.0,888047596.0,888052789.0,888047301.0,150983.0,140525.0,143575.0,337684.0,342925.0,322236.0,#14 Ondrej Vala,#35 Milan Kloucek,#89 Jan Mandat,#27 Michal Pochobradsky,#33 Jan Kostalek,#44 Patrik Poulicek,#29 Sandro Aeschlimann,#65 Marc Wieser,#70 Enzo Corvi,#19 Jesper Olofsson,#51 Kristian Näkyvä,#55 Calle Andersson,Away,Away,Away,Away,Away,Away,Home,Home,Home,Home,Home,Home,"4.8,-3.2","24.6,0.5","0.3,-3.2","0.2,6.2","6.6,3.6","0.2,0.1","-24.7,-0.4","-0.7,-3.6","-0.8,0.6","-0.9,5.7","-5.4,3.5","-7.8,-5.4",,,,,,,,,,,,,,,,,,,,,,,,
2678,2,1001,1704026207000,Pass,FullStrength,5v5,True,True,NeutralZone,"-0.2,1.3","-2,3.2",143575.0,#70 Enzo Corvi,Home,337684.0,#19 Jesper Olofsson,Home,,,,,,,,Successful,7.8,,,,,,,,,,,,,,,,"143575,337684",888047294.0,888052788.0,888052797.0,888047596.0,888052789.0,888047301.0,150983.0,140525.0,143575.0,337684.0,342925.0,322236.0,#14 Ondrej Vala,#35 Milan Kloucek,#89 Jan Mandat,#27 Michal Pochobradsky,#33 Jan Kostalek,#44 Patrik Poulicek,#29 Sandro Aeschlimann,#65 Marc Wieser,#70 Enzo Corvi,#19 Jesper Olofsson,#51 Kristian Näkyvä,#55 Calle Andersson,Away,Away,Away,Away,Away,Away,Home,Home,Home,Home,Home,Home,"5,-3.1","24.5,0.3","0.2,-3.3","0.4,5.9","6.7,3.6","-0.1,0.3","-24.6,-0.5","-0.6,-3.2","-1,0.7","-1.1,4.8","-5.7,3.4","-8.1,-5.7",0.713,0.463,0.237,1.262,0.076,0.883,0.578,1.019,0.873,2.869,0.397,1.147,"0.981,-0.196","-0.557,-0.83","0.706,-0.708","-0.033,-0.999","0.974,-0.229","-0.462,0.887","0.709,-0.706","0.418,0.909","-0.922,0.388","-0.327,-0.945","0.376,-0.926","-0.673,-0.74"
2679,2,1001,1704026207000,PuckControl,FullStrength,5v5,True,True,NeutralZone,"-0.2,1.3","-0.2,1.3",143575.0,#70 Enzo Corvi,Home,,,,,,,,,,,,,,,,,,,,,,HomeControl,NeutralZone,NeutralZone,,,,143575,888047294.0,888052788.0,888052797.0,888047596.0,888052789.0,888047301.0,150983.0,140525.0,143575.0,337684.0,342925.0,322236.0,#14 Ondrej Vala,#35 Milan Kloucek,#89 Jan Mandat,#27 Michal Pochobradsky,#33 Jan Kostalek,#44 Patrik Poulicek,#29 Sandro Aeschlimann,#65 Marc Wieser,#70 Enzo Corvi,#19 Jesper Olofsson,#51 Kristian Näkyvä,#55 Calle Andersson,Away,Away,Away,Away,Away,Away,Home,Home,Home,Home,Home,Home,"5,-3.1","24.5,0.3","0.2,-3.3","0.4,5.9","6.7,3.6","-0.1,0.3","-24.6,-0.5","-0.6,-3.2","-1,0.7","-1.1,4.8","-5.7,3.4","-8.1,-5.7",,,,,,,,,,,,,,,,,,,,,,,,
2680,2,1001,1704026207020,PuckControl,FullStrength,5v5,True,True,NeutralZone,"-0.2,1.3","-2,3.2",,,,,,,,,,,,,,,,,,,,,,,,,HomeControl,NeutralZone,NeutralZone,,,,,888047294.0,888052788.0,888052797.0,888047596.0,888052789.0,888047301.0,150983.0,140525.0,143575.0,337684.0,342925.0,322236.0,#14 Ondrej Vala,#35 Milan Kloucek,#89 Jan Mandat,#27 Michal Pochobradsky,#33 Jan Kostalek,#44 Patrik Poulicek,#29 Sandro Aeschlimann,#65 Marc Wieser,#70 Enzo Corvi,#19 Jesper Olofsson,#51 Kristian Näkyvä,#55 Calle Andersson,Away,Away,Away,Away,Away,Away,Home,Home,Home,Home,Home,Home,"5,-3.1","24.5,0.3","0.2,-3.3","0.4,5.9","6.7,3.6","-0.1,0.3","-24.6,-0.5","-0.6,-3.2","-1,0.7","-1.1,4.7","-5.7,3.3","-8.1,-5.8",,,,,,,,,,,,,,,,,,,,,,,,
